id,productName,quantity,isDelivered
1,Cookies - Englishbay Chochip,19,true
2,Cheese - Montery Jack,10,false
3,Rolled Oats,72,false
4,Molasses - Fancy,14,false
5,Lettuce - Baby Salad Greens,58,true
6,Cut Wakame - Hanawakaba,4,false
7,Nescafe - Frothy French Vanilla,46,false
8,Veal - Kidney,92,true
9,"Brandy - Orange, Mc Guiness",23,false
10,Red Cod Fillets - 225g,90,false
11,Apples - Sliced / Wedge,28,true
12,Sobe - Orange Carrot,7,false
13,Compound - Raspberry,63,false
14,Bread - Olive,67,true
15,Sauce - Demi Glace,68,false
16,"Juice - Orange, 341 Ml",29,false
17,Chicken - Soup Base,31,true
18,Bar - Granola Trail Mix Fruit Nut,93,true
19,Sage - Ground,51,true
20,Flower - Dish Garden,94,true
21,"Pasta - Fusili, Dry",80,true
22,Broom And Broom Rack White,59,false
23,Juice - Orange,74,true
24,"Artichoke - Hearts, Canned",51,true
25,Ham Black Forest,56,false
26,Wine - Ruffino Chianti Classico,91,false
27,"Chicken - Leg, Fresh",26,false
28,Shrimp - Black Tiger 16/20,84,true
29,Veal - Heart,5,true
30,Bread - Mini Hamburger Bun,1,true
31,Mackerel Whole Fresh,9,true
32,Lotus Leaves,92,true
33,Cinnamon Buns Sticky,70,false
34,Haggis,94,true
35,Calaloo,16,false
36,"Vermacelli - Sprinkles, Assorted",59,false
37,Parsley - Fresh,74,false
38,Bread - French Baquette,46,false
39,Garlic - Elephant,3,false
40,Sansho Powder,59,true
41,"Pork - Bacon,back Peameal",43,true
42,Tea - Black Currant,25,true
43,Tofu - Soft,100,true
44,Coffee - Decaffeinato Coffee,13,true
45,Pastrami,52,true
46,Tuna - Sushi Grade,42,true
47,Scallops - U - 10,3,false
48,Cheese - Victor Et Berthold,41,false
49,"Ice - Clear, 300 Lb For Carving",41,true
50,Soup - Base Broth Beef,43,false
51,Raspberries - Frozen,57,true
52,Bar Mix - Lemon,37,true
53,Island Oasis - Strawberry,94,false
54,Lettuce - Baby Salad Greens,49,true
55,Wine - Ruffino Chianti Classico,33,true
56,Cinnamon - Stick,85,false
57,Bread - Hot Dog Buns,44,true
58,Sausage - Andouille,87,true
59,Heavy Duty Dust Pan,7,true
60,"Veal - Shank, Pieces",99,true
61,Puff Pastry - Sheets,91,false
62,Food Colouring - Blue,25,true
63,Cumin - Whole,98,false
64,Wine - Dubouef Macon - Villages,16,false
65,Rabbit - Legs,91,false
66,Energy Drink Red Bull,33,false
67,Wine - Zonnebloem Pinotage,74,false
68,Nantucket - 518ml,11,false
69,Garlic Powder,49,true
70,Brandy Cherry - Mcguinness,73,true
71,Carbonated Water - Wildberry,40,false
72,Irish Cream - Baileys,53,false
73,Wine - Niagara Peninsula Vqa,43,true
74,Tofu - Firm,36,true
75,"Shrimp - 16/20, Peeled Deviened",6,false
76,Gatorade - Xfactor Berry,70,false
77,Pepper Squash,33,false
78,"Turkey - Breast, Smoked",80,true
79,Appetizer - Escargot Puff,84,false
80,Plaintain,12,false
81,Parasol Pick Stir Stick,99,true
82,Coffee Guatemala Dark,51,true
83,Tomatoes - Orange,15,false
84,Cabbage - Green,73,true
85,"Juice - Tomato, 48 Oz",65,true
86,Yoplait - Strawbrasp Peac,16,false
87,Tarts Assorted,73,true
88,Wine - Ruffino Chianti Classico,20,false
89,"Rosemary - Primerba, Paste",35,false
90,Stainless Steel Cleaner Vision,88,true
91,Onions - Red Pearl,49,true
92,Soup Campbells Turkey Veg.,64,true
93,"Pasta - Spaghetti, Dry",49,false
94,Lady Fingers,84,true
95,Taro Leaves,33,false
96,Soup - Campbells Mushroom,36,true
97,Muffin - Mix - Creme Brule 15l,7,false
98,Pasta - Orecchiette,22,true
99,Spice - Paprika,14,false
100,Carbonated Water - Cherry,38,false
101,Veal - Heart,8,false
102,Longan,19,true
103,Oats Large Flake,89,true
104,Soup - Campbells Mac N Cheese,55,true
105,"Syrup - Monin, Irish Cream",52,true
106,"Split Peas - Yellow, Dry",37,false
107,"Schnappes - Peach, Walkers",89,false
108,Cheese - Cream Cheese,53,true
109,"Juice - Grape, White",41,false
110,Paper - Brown Paper Mini Cups,2,true
111,Potatoes - Pei 10 Oz,85,false
112,Wine - Cotes Du Rhone Parallele,79,false
113,Ice Cream - Vanilla,67,true
114,"Lamb - Pieces, Diced",97,true
115,Rootbeer,20,false
116,Bagelers,86,false
117,Soup - Campbells Chicken,91,true
118,Tea - Apple Green Tea,14,true
119,"Garlic - Primerba, Paste",75,true
120,Corn Shoots,73,false
121,"Bread - Pullman, Sliced",62,false
122,Towel - Roll White,61,false
123,"Cheese - Mozzarella, Buffalo",66,true
124,Wine - Charddonnay Errazuriz,31,true
125,Sausage - Blood Pudding,100,true
126,Soup - Campbells - Tomato,91,true
127,Wine - Zonnebloem Pinotage,33,false
128,Puff Pastry - Sheets,70,false
129,Truffle Paste,97,false
130,Napkin - Beverage 1 Ply,44,true
131,Pancetta,4,false
132,Potatoes - Pei 10 Oz,81,true
133,Truffle Cups Green,4,true
134,Beets,11,false
135,Cookies Cereal Nut,53,false
136,Beer - Guiness,47,false
137,"Jam - Marmalade, Orange",26,true
138,Cut Wakame - Hanawakaba,45,true
139,Milk - Buttermilk,60,true
140,Pear - Halves,81,true
141,Compound - Raspberry,28,true
142,Ecolab - Medallion,84,false
143,Cake - Bande Of Fruit,33,false
144,Chocolate Bar - Smarties,96,false
145,Sauce - Mint,62,false
146,"Tea - Darjeeling, Azzura",60,true
147,Napkin - Beverage 1 Ply,98,true
148,Soup V8 Roasted Red Pepper,100,true
149,Lid Coffee Cup 8oz Blk,53,false
150,"Appetizer - Mini Egg Roll, Shrimp",55,false
151,Sobe - Lizard Fuel,76,true
152,"Noodles - Cellophane, Thin",36,true
153,Raisin - Dark,71,true
154,Calypso - Lemonade,92,true
155,Daikon Radish,30,true
156,Bread - Italian Sesame Poly,77,false
157,Wine - Vineland Estate Semi - Dry,67,true
158,Lettuce - Lambs Mash,56,false
159,Tea - English Breakfast,59,true
160,Cup - Paper 10oz 92959,71,false
161,Piping Jelly - All Colours,60,false
162,Syrup - Chocolate,32,true
163,Table Cloth 54x54 White,54,false
164,Soup - Campbells Mac N Cheese,34,false
165,Steamers White,64,true
166,Ecolab - Solid Fusion,45,false
167,Ice Cream Bar - Hageen Daz To,38,true
168,Red Cod Fillets - 225g,44,false
169,"Garlic - Primerba, Paste",63,true
170,Wine - Muscadet Sur Lie,52,true
171,"Lemonade - Strawberry, 591 Ml",78,true
172,Cloves - Whole,76,true
173,Butter - Unsalted,35,false
174,Sour Puss - Tangerine,85,false
175,"Wine - White, Schroder And Schyl",39,true
176,Nantucket Pine Orangebanana,34,true
177,Nori Sea Weed - Gold Label,2,true
178,Coffee Guatemala Dark,34,true
179,Carbonated Water - Peach,48,false
180,Chicken Thigh - Bone Out,13,true
181,Table Cloth 62x114 White,61,true
182,Puff Pastry - Sheets,97,false
183,Beer - True North Lager,40,false
184,"Spoon - Soup, Plastic",23,false
185,Pie Pecan,12,false
186,Wine - Casillero Del Diablo,49,true
187,"Quail - Whole, Boneless",87,true
188,"Bread - Bagels, Plain",70,false
189,Versatainer Nc - 9388,44,true
190,Butter - Unsalted,80,false
191,"Noodles - Cellophane, Thin",64,true
192,Langers - Mango Nectar,30,false
193,Tea - Herbal Sweet Dreams,20,true
194,Peas - Frozen,20,true
195,Wine - George Duboeuf Rose,91,false
196,Lettuce - Romaine,58,false
197,Irish Cream - Butterscotch,24,false
198,Island Oasis - Cappucino Mix,9,true
199,Wine - Sauvignon Blanc,87,true
200,"Beans - Long, Chinese",50,true
201,Calaloo,85,true
202,Wine - Stoneliegh Sauvignon,86,true
203,Cabbage - Nappa,78,true
204,Mousse - Passion Fruit,48,true
205,Wine - Montecillo Rioja Crianza,82,true
206,"Napkin - Cocktail,beige 2 - Ply",62,false
207,Garlic - Elephant,98,false
208,Rice - Jasmine Sented,98,false
209,Salami - Genova,44,true
210,Cheese - Swiss Sliced,59,true
211,Lemonade - Pineapple Passion,77,true
212,Pork - Ham Hocks - Smoked,46,false
213,Chicken - Wieners,48,true
214,Spice - Greek 1 Step,88,false
215,"Lamb - Leg, Boneless",8,true
216,Bread Crumbs - Panko,92,false
217,Vinegar - Red Wine,48,false
218,Soup - Campbells Chili Veg,24,false
219,Beer - Original Organic Lager,44,false
220,Spring Roll Wrappers,17,false
221,Celery Root,15,true
222,Sage - Ground,58,false
223,"Wine - White, Colubia Cresh",43,true
224,"Beans - Black Bean, Preserved",10,false
225,Wine - Chablis J Moreau Et Fils,52,true
226,"Vinegar - Balsamic, White",49,false
227,"Nut - Pine Nuts, Whole",13,true
228,Beer - Sleeman Fine Porter,1,true
229,Kahlua,56,false
230,"Bread - Crumbs, Bulk",42,true
231,Vinegar - Cider,71,true
232,"Nut - Chestnuts, Whole",70,false
233,Aspic - Light,41,true
234,"Beef - Bones, Cut - Up",90,true
235,Muffin - Mix - Strawberry Rhubarb,70,true
236,"Nut - Pistachio, Shelled",81,false
237,Bay Leaf Ground,64,false
238,Wine - Wyndham Estate Bin 777,75,true
239,Soup Campbells,11,true
240,"Sauce - Gravy, Au Jus, Mix",43,false
241,Table Cloth 62x114 Colour,28,false
242,Chips Potato Salt Vinegar 43g,78,false
243,Onions Granulated,73,true
244,Chutney Sauce,70,true
245,Lid Coffeecup 12oz D9542b,28,true
246,Dried Apple,88,false
247,Sunflower Seed Raw,83,false
248,Cheese - Mozzarella,53,true
249,"Yogurt - Cherry, 175 Gr",59,false
250,Squid - Tubes / Tenticles 10/20,5,true
251,Food Colouring - Red,10,false
252,Sprouts - Peppercress,39,false
253,Cheese - Pied De Vents,59,false
254,Cheese - Gorgonzola,69,false
255,Chip - Potato Dill Pickle,40,false
256,Crab - Imitation Flakes,4,false
257,"Wine - White, Schroder And Schyl",94,false
258,Wonton Wrappers,1,false
259,"Juice - Apple, 500 Ml",98,true
260,Sprouts - Alfalfa,91,true
261,Cheese - Sheep Milk,95,false
262,Silicone Parch. 16.3x24.3,100,true
263,Cheese - Swiss Sliced,8,true
264,Wine - Chardonnay South,85,false
265,Beer - Rickards Red,67,false
266,Peppercorns - Pink,12,true
267,Garbage Bags - Clear,93,true
268,Cheese - Gorgonzola,26,true
269,"Soup - Campbells, Beef Barley",94,false
270,Yoghurt Tubes,67,false
271,Cookie Chocolate Chip With,18,true
272,Water - Spring 1.5lit,95,false
273,Cranberry Foccacia,74,false
274,Muffin Hinge - 211n,83,false
275,Tea - Earl Grey,39,true
276,Beef - Shank,28,true
277,Table Cloth 62x114 White,24,true
278,"Potatoes - Purple, Organic",22,true
279,"Tarragon - Primerba, Paste",66,false
280,"Coffee - Beans, Whole",47,true
281,Capers - Pickled,6,true
282,Yogurt - Plain,33,false
283,Shallots,45,false
284,Sour Cream,26,false
285,Greens Mustard,65,true
286,Fuji Apples,45,true
287,"Stock - Veal, Brown",25,true
288,Spice - Chili Powder Mexican,7,false
289,"Halibut - Whole, Fresh",83,false
290,Shrimp - Black Tiger 8 - 12,69,false
291,Breakfast Quesadillas,96,false
292,Nantucket - Orange Mango Cktl,64,true
293,Appetizer - Mushroom Tart,92,false
294,Sauce - Vodka Blush,59,true
295,"Beef - Rib Roast, Capless",12,true
296,"Turkey - Breast, Double",56,true
297,"Chocolate - Milk, Callets",96,true
298,Nut - Macadamia,69,false
299,Crackers - Soda / Saltins,20,true
300,Chinese Foods - Pepper Beef,34,false
301,Wine - Gewurztraminer Pierre,100,true
302,"Soup - Beef, Base Mix",78,true
303,Beef - Tender Tips,32,false
304,Beer - Sleemans Cream Ale,25,true
305,Pork - Backfat,33,false
306,Bread - Wheat Baguette,86,true
307,Pork - Liver,47,true
308,Paper Towel Touchless,93,true
309,Crab - Meat Combo,8,true
310,Munchies Honey Sweet Trail Mix,19,false
311,Cheese - Blue,44,false
312,"Pasta - Rotini, Dry",82,false
313,Beer - Sleemans Cream Ale,43,false
314,Wine - Two Oceans Cabernet,53,false
315,Pastry - Butterscotch Baked,32,true
316,Ham Black Forest,93,false
317,"Lettuce - Romaine, Heart",3,false
318,"Juice - Grapefruit, 341 Ml",27,false
319,Thyme - Dried,85,true
320,Turkey Leg With Drum And Thigh,82,false
321,"Nut - Pine Nuts, Whole",23,false
322,The Pop Shoppe - Root Beer,52,true
323,Potatoes - Pei 10 Oz,46,false
324,Tuna - Loin,58,true
325,"Soup - Campbells, Chix Gumbo",23,true
326,Garam Masala Powder,30,true
327,Pork - Caul Fat,52,false
328,"Sauce - Soya, Dark",92,true
329,"Tart Shells - Sweet, 3",74,false
330,Rice - 7 Grain Blend,13,true
331,Sugar Thermometer,94,false
332,Container - Foam Dixie 12 Oz,50,true
333,Dasheen,97,true
334,"Pasta - Canelloni, Single Serve",79,false
335,Chocolate - Sugar Free Semi Choc,20,true
336,Bread - Italian Corn Meal Poly,78,true
337,Appetizer - Mushroom Tart,46,true
338,Wine - Fontanafredda Barolo,81,true
339,Bread - Rosemary Focaccia,15,false
340,Cornish Hen,27,false
341,Food Colouring - Green,79,false
342,"Seedlings - Mix, Organic",63,false
343,Cake - Bande Of Fruit,82,true
344,Lid - 3oz Med Rec,23,false
345,Sambuca - Ramazzotti,81,true
346,Beer - Corona,4,true
347,Garbag Bags - Black,69,true
348,Kohlrabi,36,false
349,Wine - Baron De Rothschild,22,false
350,Container - Clear 16 Oz,8,true
351,Tequila Rose Cream Liquor,29,true
352,Rice - 7 Grain Blend,77,false
353,Rambutan,52,false
354,Muffin Mix - Chocolate Chip,58,true
355,Muffin Hinge 117n,10,false
356,Watercress,54,true
357,Creme De Cacao Mcguines,57,true
358,Pork - Back Ribs,98,false
359,Ice Cream Bar - Oreo Sandwich,67,false
360,Towel Dispenser,49,true
361,"Ecolab - Orange Frc, Cleaner",48,false
362,Pernod,3,true
363,Crab - Meat Combo,70,false
364,Sauce - Ranch Dressing,60,true
365,"Mustard - Dry, Powder",3,false
366,Bread - Wheat Baguette,58,false
367,Nut - Macadamia,23,false
368,Sugar - Individual Portions,12,false
369,Salami - Genova,42,false
370,Turkey Leg With Drum And Thigh,22,false
371,Sage - Rubbed,66,true
372,Molasses - Fancy,91,false
373,Wine - Black Tower Qr,62,false
374,Creamers - 10%,24,false
375,Cheese - Montery Jack,48,true
376,Pie Shell - 9,95,false
377,Wine - Lamancha Do Crianza,62,false
378,Tahini Paste,1,true
379,Soup - Campbells Asian Noodle,8,true
380,Eggplant - Asian,7,false
381,Brandy Cherry - Mcguinness,45,false
382,Wooden Mop Handle,44,true
383,Emulsifier,91,false
384,Magnotta Bel Paese Red,19,false
385,"Star Anise, Whole",59,false
386,"Ecolab - Orange Frc, Cleaner",79,true
387,Oil - Hazelnut,15,true
388,Tea - Herbal - 6 Asst,74,false
389,"Tomatoes - Cherry, Yellow",48,true
390,Tea - Mint,60,false
391,Pickles - Gherkins,79,true
392,Wasabi Powder,55,true
393,Cod - Black Whole Fillet,36,true
394,"Oregano - Dry, Rubbed",48,false
395,Appetizer - Smoked Salmon / Dill,24,true
396,"Bread - Roll, Whole Wheat",67,false
397,"Sauce - Soya, Dark",72,false
398,"Olives - Green, Pitted",53,true
399,Muffin - Mix - Bran And Maple 15l,95,true
400,Ecolab - Power Fusion,8,true
401,Bread - Onion Focaccia,13,true
402,Shrimp - Black Tiger 16/20,9,false
403,"Pasta - Cannelloni, Sheets, Fresh",75,true
404,Nantucket Apple Juice,3,true
405,Chocolate - Feathers,96,false
406,Bacardi Mojito,44,true
407,Appetizer - Tarragon Chicken,17,true
408,Sage Derby,33,false
409,Wine - Valpolicella Masi,24,true
410,Bread - Raisin Walnut Pull,47,true
411,"Lemonade - Natural, 591 Ml",32,true
412,Wine - Chateau Aqueria Tavel,15,false
413,"Olives - Black, Pitted",61,false
414,Evaporated Milk - Skim,1,false
415,Pastry - French Mini Assorted,37,true
416,Wanton Wrap,53,true
417,Energy Drink - Franks Pineapple,86,false
418,Mustard - Individual Pkg,30,true
419,"Fish - Atlantic Salmon, Cold",64,true
420,Vinegar - Raspberry,99,true
421,Pork - Bacon Cooked Slcd,62,true
422,Sugar - Monocystal / Rock,23,false
423,Sweet Pea Sprouts,24,true
424,Muffin Hinge - 211n,29,false
425,"Beer - Alexander Kieths, Pale Ale",52,true
426,Energy Drink - Franks Original,18,false
427,Bread Base - Goodhearth,71,true
428,Pepper - Jalapeno,75,false
429,Wine - Baron De Rothschild,99,false
430,"Wine - White, French Cross",93,true
431,"Soup - Campbells, Chix Gumbo",47,true
432,Milk - Buttermilk,54,true
433,"Sprite, Diet - 355ml",22,false
434,Tea - Herbal Orange Spice,97,true
435,"Shrimp - Baby, Warm Water",95,true
436,Sesame Seed,52,false
437,Cheese - Bakers Cream Cheese,24,false
438,"Bread - Crumbs, Bulk",98,true
439,"Pasta - Fusili, Dry",18,true
440,"Pepper - Paprika, Spanish",70,true
441,Table Cloth 53x53 White,96,true
442,Beef Ground Medium,14,true
443,Beer - Muskoka Cream Ale,60,true
444,Magnotta - Bel Paese White,4,true
445,Banana,29,true
446,Lettuce - Boston Bib - Organic,9,false
447,Sauce - Caesar Dressing,100,false
448,"Pork - Tenderloin, Fresh",36,false
449,Coffee Guatemala Dark,100,true
450,Cup Translucent 9 Oz,60,true
451,Pepper Squash,25,true
452,Coconut - Whole,71,false
453,Rice - Sushi,86,false
454,"Lettuce - Mini Greens, Whole",69,true
455,Longos - Grilled Veg Sandwiches,32,false
456,"Mushroom - Enoki, Dry",4,false
457,Oysters - Smoked,49,false
458,Cheese - St. Paulin,54,false
459,Pork - Bones,62,false
460,Bread Fig And Almond,73,false
461,Vodka - Smirnoff,16,true
462,Longos - Chicken Wings,40,false
463,Pectin,66,true
464,Venison - Denver Leg Boneless,47,false
465,Hog / Sausage Casing - Pork,45,true
466,"Wine - White, Ej",14,true
467,"Salt - Rock, Course",49,true
468,Table Cloth 90x90 Colour,75,false
469,"Cherries - Bing, Canned",57,true
470,"Salt - Rock, Course",9,false
471,Table Cloth 90x90 Colour,83,false
472,Hersey Shakes,82,true
473,Veal Inside - Provimi,63,false
474,Parsley Italian - Fresh,15,true
475,"Lamb - Leg, Boneless",64,true
476,"Veal - Brisket, Provimi, Bone - In",2,false
477,Extract - Almond,11,true
478,"Chicken - Breast, 5 - 7 Oz",15,false
479,Soup - Tomato Mush. Florentine,5,true
480,"Tortillas - Flour, 12",26,true
481,Coconut Milk - Unsweetened,88,true
482,French Pastry - Mini Chocolate,54,true
483,"Veal - Brisket, Provimi,bnls",50,false
484,"Pasta - Penne, Rigate, Dry",45,false
485,Mangostein,100,true
486,Pineapple - Regular,60,true
487,Soup - Campbells Mac N Cheese,3,false
488,Sauce - Oyster,74,true
489,"Oranges - Navel, 72",28,false
490,Fennel,75,true
491,Cheese - Marble,39,true
492,"Roe - Lump Fish, Red",5,true
493,"Juice - Pineapple, 341 Ml",32,true
494,Banana - Leaves,70,true
495,Truffle Cups - Red,62,false
496,Ocean Spray - Kiwi Strawberry,72,false
497,Bread - Corn Muffaleta Onion,18,true
498,Beer - Mcauslan Apricot,2,true
499,Cocoa Feuilletine,58,true
500,Raspberries - Frozen,5,true
501,"Trout - Rainbow, Frozen",33,true
502,Amarula Cream,29,false
503,Pineapple - Regular,10,false
504,Carbonated Water - Blackcherry,9,false
505,Muffin - Carrot Individual Wrap,27,false
506,Flower - Leather Leaf Fern,88,false
507,Taro Leaves,25,true
508,Plate Pie Foil,3,true
509,Cheese - Mix,11,false
510,Pineapple - Golden,91,true
511,Truffle - Peelings,84,false
512,"Lamb - Whole, Fresh",94,false
513,Sprouts - Corn,65,true
514,Horseradish Root,97,false
515,"Lemonade - Island Tea, 591 Ml",26,true
516,"Soup - Knorr, Chicken Gumbo",19,false
517,Cheese - La Sauvagine,58,false
518,Onions - Red Pearl,51,false
519,Ecolab Silver Fusion,21,false
520,Tomatillo,87,false
521,Coffee - 10oz Cup 92961,14,true
522,Bread Crumbs - Panko,92,true
523,V8 - Tropical Blend,77,false
524,"Pork - Bacon, Double Smoked",47,true
525,Coriander - Ground,52,false
526,Cookie - Oreo 100x2,92,true
527,Cheese Cloth,33,false
528,Cattail Hearts,19,false
529,Soup Campbells Mexicali Tortilla,56,false
530,"Mushroom - Shitake, Fresh",3,true
531,Grenadillo,84,false
532,Foam Dinner Plate,90,true
533,Scallops - In Shell,33,false
534,Coffee - Frthy Coffee Crisp,48,false
535,Wine - Chablis 2003 Champs,75,false
536,"Bread - White, Unsliced",33,false
537,Ginger - Pickled,84,false
538,Cattail Hearts,17,true
539,Coffee - Decafenated,60,true
540,Remy Red Berry Infusion,30,false
541,Red Pepper Paste,68,true
542,"Olives - Green, Pitted",17,false
543,Appetizer - Asian Shrimp Roll,20,false
544,Shrimp - 100 / 200 Cold Water,18,false
545,Food Colouring - Blue,5,false
546,Pepper - Sorrano,43,false
547,Pecan Raisin - Tarts,45,true
548,Foil Cont Round,85,false
549,Oil - Olive,2,false
550,Hot Choc Vending,43,true
551,Foie Gras,13,true
552,Pork Salted Bellies,63,true
553,Juice - Apple Cider,59,false
554,Wine - Sauvignon Blanc,56,true
555,Drambuie,39,false
556,Limes,4,false
557,Chutney Sauce - Mango,82,false
558,"Placemat - Scallop, White",90,false
559,Table Cloth - 53x69 Colour,44,true
560,Wine - Alsace Gewurztraminer,94,false
561,Tomatoes - Heirloom,83,true
562,"Chicken - Thigh, Bone In",7,true
563,Zucchini - Green,74,false
564,"Wine - Red, Colio Cabernet",91,true
565,Compound - Passion Fruit,98,false
566,Kale - Red,10,true
567,Beef - Short Loin,57,true
568,Wine - Cotes Du Rhone,10,false
569,Bagelers - Cinn / Brown Sugar,29,false
570,Wine - Jackson Triggs Okonagan,100,true
571,Wine - Peller Estates Late,59,true
572,Table Cloth 62x114 White,66,true
573,Gelatine Powder,11,true
574,"Stock - Veal, White",75,true
575,Wine - Cousino Macul Antiguas,88,false
576,"Beef - Chuck, Boneless",9,true
577,Vinegar - Red Wine,43,false
578,Truffle Shells - Semi - Sweet,49,false
579,Figs,66,false
580,Foam Espresso Cup Plain White,17,true
581,"Juice - Grapefruit, 341 Ml",17,false
582,Wine - Vovray Sec Domaine Huet,3,false
583,Shrimp - Black Tiger 8 - 12,70,true
584,Croissants Thaw And Serve,3,false
585,Paper Towel Touchless,76,false
586,Cake - Box Window 10x10x2.5,47,true
587,Crackers - Soda / Saltins,28,true
588,"Shrimp - 21/25, Peel And Deviened",84,true
589,"Tart Shells - Savory, 4",64,true
590,"Turnip - White, Organic",24,false
591,Bread - Calabrese Baguette,74,false
592,Beer - Mill St Organic,28,false
593,Tomato - Green,18,false
594,Syrup - Kahlua Chocolate,18,false
595,Ham - Cooked Italian,35,false
596,"Cheese - Havarti, Roasted Garlic",58,false
597,Pate - Cognac,39,false
598,Beef - Top Sirloin,65,true
599,Wine - German Riesling,32,false
600,Hipnotiq Liquor,50,true
601,Tarts Assorted,15,false
602,"Doilies - 12, Paper",100,false
603,Aspic - Clear,77,true
604,Cheese - Brick With Pepper,84,true
605,Steampan - Foil,48,false
606,Ice Cream - Fudge Bars,27,false
607,Wine - Two Oceans Sauvignon,46,false
608,Kumquat,13,false
609,Yeast Dry - Fleischman,72,false
610,Sausage - Liver,10,true
611,Wine - Montecillo Rioja Crianza,91,true
612,Hagen Daza - Dk Choocolate,72,true
613,Nantucket - Kiwi Berry Cktl.,47,false
614,Pumpkin - Seed,90,true
615,Wine - Chianti Classico Riserva,64,false
616,Tomato - Green,10,true
617,Trueblue - Blueberry,88,true
618,"Tomatoes - Diced, Canned",39,true
619,Tart - Raisin And Pecan,21,false
620,"Wine - Red, Cabernet Sauvignon",31,true
621,Lettuce - Romaine,50,true
622,Wine - Casillero Deldiablo,13,false
623,Pepper - Green,46,true
624,Dill Weed - Fresh,45,true
625,Oxtail - Cut,34,false
626,Vinegar - Sherry,74,true
627,"Fish - Scallops, Cold Smoked",41,false
628,Beets,5,true
629,Lamb - Ground,16,true
630,Pop - Club Soda Can,58,false
631,Soup - Campbells - Chicken Noodle,14,true
632,Kolrabi,73,false
633,Towels - Paper / Kraft,59,true
634,Cookie Dough - Double,92,true
635,"Shrimp - 16/20, Iqf, Shell On",57,true
636,Calypso - Lemonade,13,false
637,"Juice - Cranberry, 341 Ml",42,false
638,"Pepper - Black, Ground",34,true
639,Pear - Halves,78,true
640,"Wine - White, Cooking",73,false
641,"Cheese - Havarti, Roasted Garlic",18,true
642,"Mushroom - Enoki, Dry",63,true
643,Grenadine,7,false
644,"Yogurt - Banana, 175 Gr",29,true
645,Seabream Whole Farmed,24,true
646,Cake - Box Window 10x10x2.5,90,true
647,Sea Bass - Whole,26,false
648,"Salmon - Smoked, Sliced",70,true
649,Lamb - Loin Chops,33,true
650,Cheese - Asiago,3,true
651,"Yogurt - Cherry, 175 Gr",16,false
652,Wine - Domaine Boyar Royal,61,false
653,Samosa - Veg,26,true
654,Tamarind Paste,25,true
655,Campari,91,false
656,Food Colouring - Red,57,true
657,Egg - Salad Premix,6,true
658,Wood Chips - Regular,25,true
659,"Wine - Saint - Bris 2002, Sauv",96,true
660,Juice - Orange,94,false
661,Tea - Camomele,73,true
662,Salt - Sea,22,true
663,Vaccum Bag - 14x20,72,false
664,Oil - Safflower,15,false
665,Pastry - Carrot Muffin - Mini,69,true
666,Bread - Rosemary Focaccia,51,false
667,"Sauce - Bernaise, Mix",18,false
668,Wine - Sicilia Igt Nero Avola,9,false
669,Sauce - Plum,31,true
670,Wine - Montecillo Rioja Crianza,34,false
671,Island Oasis - Sweet And Sour Mix,38,false
672,Bread - Olive,6,true
673,Butter - Salted,81,true
674,Cheese - Feta,93,false
675,Sandwich Wrap,55,true
676,"Crab - Claws, 26 - 30",13,false
677,Nantucket - Carrot Orange,84,true
678,Basil - Pesto Sauce,62,false
679,"Pork - Loin, Boneless",92,true
680,Daves Island Stinger,3,true
681,Mushroom - Morel Frozen,30,true
682,Sun - Dried Tomatoes,87,true
683,Sauce - Hollandaise,40,false
684,Wine - Stoneliegh Sauvignon,65,true
685,Cream - 10%,51,false
686,Sole - Fillet,89,true
687,Cumin - Whole,38,true
688,Appetizer - Crab And Brie,96,true
689,Pail For Lid 1537,47,false
690,"Iced Tea - Lemon, 460 Ml",5,true
691,Sausage - Meat,68,false
692,Energy Drink Red Bull,14,true
693,Butter Sweet,30,false
694,Mushroom Morel Fresh,18,false
695,Cornflakes,35,false
696,Sauce - Thousand Island,25,true
697,Sage - Ground,74,false
698,Gatorade - Xfactor Berry,16,true
699,Cheese - St. Paulin,82,false
700,Ecolab - Mikroklene 4/4 L,95,false
701,Wine - Winzer Krems Gruner,50,false
702,"Beans - Black Bean, Dry",51,true
703,Sesame Seed,26,false
704,Ham - Procutinni,69,false
705,Rambutan,24,false
706,Nantucket Orange Juice,65,true
707,Container Clear 8 Oz,94,false
708,Wine - Periguita Fonseca,9,false
709,Tea Peppermint,32,true
710,Squid - U 5,96,false
711,Cod - Fillets,37,true
712,Pastry - Banana Muffin - Mini,100,false
713,Pancetta,38,false
714,"Split Peas - Green, Dry",88,true
715,"Wine - Cahors Ac 2000, Clos",15,true
716,Cardamon Ground,36,true
717,Cheese - Pied De Vents,90,true
718,"Pail - 4l White, With Handle",86,false
719,Chinese Foods - Thick Noodles,25,true
720,Lettuce - Arugula,13,true
721,Ham - Cooked Italian,48,true
722,Cleaner - Pine Sol,18,true
723,"Marsala - Sperone, Fine, D.o.c.",71,false
724,"Turnip - White, Organic",84,false
725,Bread - White Epi Baguette,35,false
726,"Pasta - Lasagna, Dry",32,false
727,Gingerale - Diet - Schweppes,31,false
728,Ice Cream - Life Savers,2,true
729,Cheese - Mix,42,true
730,"Beef - Tenderlion, Center Cut",15,false
731,"Chilli Paste, Hot Sambal Oelek",2,false
732,Wine - Remy Pannier Rose,70,true
733,Cheese - Ricotta,66,true
734,Bols Melon Liqueur,65,true
735,Frangelico,9,true
736,"Wine - Bourgogne 2002, La",13,false
737,Beef - Rib Eye Aaa,12,true
738,Sobe - Berry Energy,82,false
739,Skirt - 29 Foot,62,false
740,Soup Campbells Turkey Veg.,48,true
741,"Soup - Beef Conomme, Dry",76,false
742,"Crab - Back Fin Meat, Canned",55,true
743,Compound - Orange,100,false
744,Flax Seed,11,false
745,Chocolate - Compound Coating,16,false
746,Wine - Barbera Alba Doc 2001,58,false
747,Lemon Balm - Fresh,60,false
748,Onion - Dried,12,false
749,"Wine - White, Mosel Gold",64,false
750,Cucumber - Pickling Ontario,79,true
751,Scallops - In Shell,26,true
752,"Brocolinni - Gaylan, Chinese",25,true
753,Artichoke - Fresh,17,true
754,Beef - Prime Rib Aaa,73,true
755,"Beef - Roasted, Cooked",95,false
756,Wine - Tribal Sauvignon,29,true
757,Tea - Herbal Orange Spice,35,false
758,Cornish Hen,70,false
759,Flavouring - Raspberry,82,false
760,Island Oasis - Pina Colada,61,true
761,Appetizer - Veg Assortment,3,true
762,Muffin - Carrot Individual Wrap,97,true
763,Spinach - Frozen,87,true
764,"Crab - Back Fin Meat, Canned",39,false
765,Bread - Pumpernickel,77,false
766,Cumin - Ground,73,false
767,Bread Crumbs - Japanese Style,12,true
768,Island Oasis - Mango Daiquiri,46,false
769,Lemon Grass,81,true
770,"Champagne - Brights, Dry",10,false
771,Apple - Granny Smith,10,false
772,"Nut - Pecan, Pieces",83,true
773,Bagel - Ched Chs Presliced,63,false
774,Sugar - Individual Portions,20,false
775,"Soup - Canadian Pea, Dry Mix",87,false
776,Urban Zen Drinks,89,true
777,"Doilies - 5, Paper",67,false
778,Drambuie,83,false
779,Tia Maria,19,false
780,"Artichoke - Bottom, Canned",87,true
781,Beef - Ground Lean Fresh,34,true
782,Cream - 35%,55,true
783,Gooseberry,90,false
784,Cookie Choc,40,false
785,Pastry - Banana Muffin - Mini,84,true
786,Beer - Rickards Red,84,false
787,Monkfish Fresh - Skin Off,48,false
788,"Nut - Hazelnut, Ground, Natural",85,true
789,Graham Cracker Mix,5,true
790,Rum - Mount Gay Eclipes,100,true
791,Juice - Orange,14,true
792,Wine - Valpolicella Masi,7,false
793,Longan,25,true
794,Soho Lychee Liqueur,98,true
795,Fudge - Chocolate Fudge,80,true
796,"Tomatoes - Diced, Canned",69,false
797,Container - Clear 32 Oz,65,false
798,Tea - Herbal Sweet Dreams,68,true
799,Steampan - Lid For Half Size,16,true
800,Muffin Mix - Lemon Cranberry,51,false
801,Chicken - Whole Roasting,13,true
802,"Apple - Delicious, Golden",12,true
803,"Soup - Campbells, Beef Barley",88,true
804,Strawberries - California,16,false
805,Brandy - Bar,3,true
806,Fruit Salad Deluxe,27,true
807,"C - Plus, Orange",56,false
808,Beef - Inside Round,88,false
809,Beer - Camerons Auburn,56,true
810,Tea - Herbal Sweet Dreams,37,false
811,"Pasta - Penne, Lisce, Dry",10,false
812,"Nut - Cashews, Whole, Raw",39,false
813,Wine - Cotes Du Rhone,10,true
814,Sauce Tomato Pouch,27,false
815,Wine - Sauvignon Blanc Oyster,95,true
816,Muffin Batt - Blueberry Passion,49,true
817,Broccoli - Fresh,82,true
818,Veal - Insides Provini,51,false
819,Pumpkin - Seed,64,true
820,Butter - Salted,80,false
821,Muffin Hinge - 211n,29,false
822,Compound - Orange,28,true
823,Vinegar - Balsamic,94,true
824,"Pepper - Black, Ground",25,false
825,"Pork - Tenderloin, Fresh",31,false
826,"Olives - Green, Pitted",10,true
827,"Soup - Knorr, Chicken Gumbo",76,false
828,Wasabi Paste,27,false
829,Pepper - Red Thai,82,false
830,Mints - Striped Red,78,true
831,"Lamb - Racks, Frenched",84,true
832,"Turkey - Breast, Double",21,false
833,"Lemonade - Island Tea, 591 Ml",40,false
834,Gatorade - Cool Blue Raspberry,34,false
835,Flour - So Mix Cake White,43,true
836,Sour Cream,55,true
837,Herb Du Provence - Primerba,74,false
838,Red Currants,27,true
839,Bandage - Finger Cots,76,false
840,Broom Handle,10,false
841,Spinach - Baby,97,false
842,Wine - Alsace Riesling Reserve,37,false
843,Lettuce - Green Leaf,17,false
844,Juice - Mango,86,false
845,"Bar Mix - Pina Colada, 355 Ml",1,true
846,Chocolate - Semi Sweet,50,false
847,Plasticspoonblack,61,true
848,Flour - So Mix Cake White,27,false
849,Blouse / Shirt / Sweater,40,true
850,Ecolab - Ster Bac,12,true
851,Pepper - Green,6,true
852,Scotch - Queen Anne,57,false
853,Wine - Savigny - Les - Beaune,35,true
854,Chinese Foods - Pepper Beef,100,true
855,Anchovy Fillets,28,false
856,Pork - Smoked Back Bacon,95,false
857,Petit Baguette,34,true
858,"Beans - Turtle, Black, Dry",91,false
859,Chicken - Whole,84,true
860,"Croissant, Raw - Mini",42,true
861,"Shrimp - 16/20, Peeled Deviened",41,true
862,"Chicken - Leg, Fresh",92,true
863,Bread Base - Italian,38,true
864,Nectarines,40,false
865,Rabbit - Frozen,10,false
866,"Basil - Primerba, Paste",6,true
867,Beets - Mini Golden,4,true
868,Mushrooms - Honey,43,false
869,Towel - Roll White,32,false
870,Breakfast Quesadillas,52,false
871,Ostrich - Prime Cut,55,false
872,Contreau,92,true
873,Pomegranates,5,true
874,"Stock - Veal, Brown",10,false
875,Swordfish Loin Portions,2,true
876,Lid Tray - 16in Dome,32,true
877,Basil - Seedlings Cookstown,99,true
878,"Asparagus - White, Canned",30,true
879,"Quail - Eggs, Fresh",8,true
880,Soup - Campbells,50,true
881,"Wine - Red, Gamay Noir",44,true
882,Nut - Pumpkin Seeds,37,true
883,"Apple - Delicious, Red",43,false
884,Beets - Pickled,30,false
885,Dried Peach,67,false
886,"Chicken - Diced, Cooked",96,false
887,Cheese - Ricotta,15,false
888,Chinese Foods - Cantonese,74,true
889,Turkey - Ground. Lean,50,true
890,Fondant - Icing,50,true
891,Juice - Apple Cider,81,false
892,Pepsi - 600ml,31,false
893,Lemon Tarts,78,true
894,Capers - Ox Eye Daisy,11,true
895,"Lid - Translucent, 3.5 And 6 Oz",8,true
896,Sauce - Hp,79,false
897,Beer - Sleeman Fine Porter,46,false
898,Bread - Raisin,50,true
899,"Syrup - Monin, Irish Cream",29,false
900,Rootbeer,26,false
901,Rootbeer,57,false
902,Green Tea Refresher,13,false
903,Glass - Juice Clear 5oz 55005,98,true
904,Beer - Camerons Cream Ale,89,false
905,Beer - Fruli,45,true
906,"Wine - Red, Gallo, Merlot",29,true
907,Chinese Foods - Thick Noodles,23,false
908,Dehydrated Kelp Kombo,18,true
909,Beef Dry Aged Tenderloin Aaa,72,false
910,Pate Pans Yellow,94,true
911,"Soup - Campbells, Creamy",44,true
912,Muffin Chocolate Individual Wrap,19,true
913,Lamb Leg - Bone - In Nz,43,false
914,Tray - 12in Rnd Blk,26,true
915,Liquid Aminios Acid - Braggs,57,false
916,Coffee Cup 12oz 5342cd,43,true
917,Orange Roughy 4/6 Oz,24,true
918,Chinese Foods - Chicken,88,false
919,Triple Sec - Mcguinness,2,true
920,Apple - Macintosh,30,false
921,Clams - Canned,9,false
922,Hot Choc Vending,72,true
923,Sprouts - Corn,6,false
924,"Veal - Brisket, Provimi,bnls",26,false
925,Sandwich Wrap,52,false
926,Cheese Cloth,11,false
927,"Flour - Corn, Fine",66,false
928,Red Currants,85,true
929,Carbonated Water - Lemon Lime,47,false
930,Flower - Carnations,1,true
931,"Pasta - Lasagna, Dry",88,false
932,"Cheese - Woolwich Goat, Log",53,false
933,Pate - Cognac,81,false
934,Croissants Thaw And Serve,53,true
935,Cake Sheet Combo Party Pack,67,false
936,"Lettuce - Mini Greens, Whole",82,false
937,Beans - Fava Fresh,56,true
938,"Oil - Olive, Extra Virgin",100,false
939,Juice - Lagoon Mango,28,false
940,Corn Syrup,4,true
941,"Olives - Black, Pitted",97,false
942,Teriyaki Sauce,32,true
943,Cafe Royale,93,false
944,"Mushrooms - Black, Dried",2,false
945,"Turkey - Breast, Double",13,true
946,"Tortillas - Flour, 12",86,true
947,"Tuna - Canned, Flaked, Light",84,false
948,Corn - On The Cob,28,false
949,Tobasco Sauce,56,false
950,Peach - Fresh,51,true
951,Lettuce - Sea / Sea Asparagus,32,false
952,"Crab - Dungeness, Whole",8,false
953,Squash - Sunburst,51,true
954,Plaintain,95,false
955,Chips - Doritos,99,true
956,"Shrimp - Baby, Warm Water",48,true
957,Puree - Pear,47,false
958,Pastry - Choclate Baked,27,false
959,Puree - Mango,4,true
960,Trout Rainbow Whole,54,false
961,Juice - Ocean Spray Cranberry,21,false
962,Corn Kernels - Frozen,42,true
963,Kiwi,5,false
964,"Lemonade - Strawberry, 591 Ml",65,false
965,Sugar - Fine,70,true
966,"Pepper - White, Ground",80,false
967,Soap - Hand Soap,84,true
968,Coffee - Frthy Coffee Crisp,96,true
969,Tofu - Soft,44,false
970,Asparagus - Frozen,32,true
971,Muffins - Assorted,13,true
972,"Coke - Classic, 355 Ml",61,false
973,Longos - Assorted Sandwich,10,true
974,Bread - Raisin,66,false
975,Mousse - Banana Chocolate,96,false
976,"Wine - Bourgogne 2002, La",59,false
977,Quail - Jumbo,27,true
978,Broom - Angled,89,true
979,Garbage Bag - Clear,10,false
980,Cheese - Swiss,13,false
981,Beef - Rib Eye Aaa,86,true
982,Cakes Assorted,99,false
983,"Oregano - Dry, Rubbed",32,false
984,Artichokes - Jerusalem,31,true
985,Bacardi Mojito,24,false
986,Tomatoes Tear Drop,88,true
987,"Cake Circle, Paprus",58,false
988,Beets,26,true
989,Dawn Professionl Pot And Pan,93,false
990,Bar Energy Chocchip,23,false
991,Sultanas,39,false
992,Eggplant - Asian,3,true
993,Hinge W Undercut,8,true
994,"Wine - Red, Wolf Blass, Yellow",49,false
995,Dikon,19,true
996,Tea - Earl Grey,46,false
997,Beans - Green,43,false
998,"Lemonade - Kiwi, 591 Ml",70,true
999,Rice - Long Grain,1,true
1000,Milk - Chocolate 250 Ml,33,false
